email_subject,email_sender,email_body,email_headers,indicators
Urgent: Update Your Payment Information to Avoid Service Interruption,billing@trustedvendor-payments.com,"Dear Customer, 

We have updated our payment processing system. Please click the link below to verify and update your payment details to avoid any interruption in your service.

https://trustedvendor-payments-update.com/verify

Thank you for your prompt attention.
TrustedVendor Billing Team","{'Received-SPF': 'fail (domain of trustedvendor-payments.com does not designate 192.168.1.10 as permitted sender)', 'DKIM-Signature': 'missing', 'DMARC-Result': 'none'}",Sender domain does not match the official vendor domain; SPF check fails indicating email sent from unauthorized server; No DKIM signature present; Urgency and threat of service interruption to prompt quick action; Link points to a suspicious domain different from the vendor's official website
Action Required: Payment Details Update Needed Immediately,accounts-payments@trustedvendor.com,"Hello,

Our records indicate that your payment information is outdated. Please update your payment details by clicking the link below:

http://trustedvendor-securepayments.com/update

Failure to update your information within 48 hours will result in suspension of your account.

Best regards,
TrustedVendor Accounts Team","{'Received-SPF': 'pass (domain of trustedvendor.com authorizes sending IP)', 'DKIM-Signature': 'invalid signature', 'DMARC-Result': 'fail'}",DKIM signature invalid despite SPF passing; DMARC policy fails indicating spoofing attempt; Link URL domain similar but not identical to official vendor domain; Threat of account suspension to create urgency; Sender address uses a plausible but uncommon subdomain
Invoice #4589: Payment Method Update Required,vendor.support@trustedvendor.com,"Dear Valued Partner,

Please update your payment method for Invoice #4589 by visiting the secure link below:

https://trustedvendor-payments.com.secure-update.net/payment

Thank you for your cooperation.

Regards,
TrustedVendor Support","{'Received-SPF': 'pass', 'DKIM-Signature': 'pass', 'DMARC-Result': 'quarantine'}",DMARC policy set to quarantine indicates suspicious activity despite SPF and DKIM passing; URL uses a deceptive subdomain trick to mimic official domain; Email content urging payment update linked with invoice number for credibility; Sender address appears legitimate but may be spoofed or compromised
