system_prompt,user_prompt,updated_problems
"You are an expert cybersecurity analyst tasked with updating and extending a cybersecurity problems dataset 
based on evaluation findings. You must:

1. Incorporate recommended new threats and attack vectors
2. Apply suggested structural improvements
3. Merge or reclassify problems where recommended
4. Ensure all entries follow consistent formatting and taxonomy
5. Maintain backwards compatibility while improving the dataset

Generate a comprehensive, updated problems list that addresses the evaluation findings while 
preserving existing valuable content.
","Based on the evaluation findings, please update and extend the cybersecurity problems dataset.

Original Problems Dataset:
{
  ""problems"": [
    {
      ""area"": ""Phishing Attack"",
      ""nature"": ""credential_harvesting"",
      ""description"": ""Attackers send emails impersonating trusted entities to trick users into submitting their login credentials on fake websites."",
      ""risk_reduction"": [
        ""Implement multi-factor authentication (MFA) to reduce impact of stolen credentials"",
        ""Deploy advanced email filtering and anti-phishing tools"",
        ""Conduct regular user training and simulated phishing exercises""
      ]
    },
    {
      ""area"": ""Phishing Attack"",
      ""nature"": ""spear_phishing"",
      ""description"": ""Highly targeted phishing emails crafted using personal information to deceive specific individuals into revealing sensitive data or executing malicious actions."",
      ""risk_reduction"": [
        ""Use threat intelligence to identify and block targeted phishing campaigns"",
        ""Educate employees on recognizing social engineering tactics"",
        ""Enforce strict verification procedures for sensitive requests""
      ]
    },
    {
      ""area"": ""Phishing Attack"",
      ""nature"": ""business_email_compromise"",
      ""description"": ""Attackers compromise or spoof executive email accounts to request fraudulent wire transfers or sensitive information from employees."",
      ""risk_reduction"": [
        ""Enable email authentication protocols like DMARC, DKIM, and SPF"",
        ""Establish multi-step verification for financial transactions"",
        ""Monitor email accounts for unusual sending patterns""
      ]
    }
  ]
}

Evaluation Results and Recommendations:
{
  ""evaluation_summary"": ""The current JSON list uses a simple two-level categorization with 'area' and 'nature' fields focused on phishing subtypes. While this approach is straightforward, it lacks scalability and alignment with established cybersecurity taxonomies. The dataset would benefit from a hierarchical taxonomy and integration with standards like MITRE ATT&CK or VERIS to improve clarity, consistency, and actionable intelligence. Additionally, the current list is narrowly focused on phishing and misses critical emerging threats such as AI-driven attacks, cloud misconfigurations, supply chain compromises, and adversarial machine learning. Introducing new descriptive fields and normalizing categories will enhance utility for incident response and threat intelligence workflows."",
  ""categorization_analysis"": {
    ""current_structure_assessment"": ""The use of 'area' as a high-level category and 'nature' as a subtype is a reasonable starting point but is limited in granularity and scalability. Currently, 'area' conflates threat types and attack vectors (e.g., 'Phishing Attack'), which can cause confusion when expanding to other threat domains. The flat two-level hierarchy restricts nuanced classification and does not support complex threat modeling or mapping to kill chain phases."",
    ""taxonomy_recommendations"": ""Adopt a hierarchical taxonomy with at least three levels: 'area' (broad domain, e.g., Social Engineering), 'category' (attack technique, e.g., Phishing), and 'variant' or 'nature' (specific subtype, e.g., Spear Phishing). This structure improves clarity and scalability. Consider normalizing 'area' to domains such as 'Enterprise', 'Cloud', 'Supply Chain', 'AI/ML Threats', etc., and use 'category' for attack families aligned with frameworks."",
    ""standard_alignment"": ""Align the taxonomy with MITRE ATT&CK for enterprise and cloud attacks, leveraging ATT&CK tactic and technique IDs for precise classification. For incident data, consider VERIS schema alignment to capture victim demographics and incident attributes. Incorporate NIST Cybersecurity Framework categories for risk management context. This alignment enables interoperability, richer analysis, and integration with existing tools.""
  },
  ""merging_recommendations"": [
    {
      ""suggestion"": ""Consolidate all phishing-related entries under a unified 'Social Engineering > Phishing' hierarchy with subtypes for credential harvesting, spear phishing, and business email compromise."",
      ""affected_items"": [
        ""Phishing Attack - credential_harvesting"",
        ""Phishing Attack - spear_phishing"",
        ""Phishing Attack - business_email_compromise""
      ],
      ""proposed_structure"": {
        ""area"": ""Social Engineering"",
        ""category"": ""Phishing"",
        ""nature"": [
          ""credential_harvesting"",
          ""spear_phishing"",
          ""business_email_compromise""
        ]
      }
    }
  ],
  ""missing_threats"": [
    {
      ""area"": ""Cloud Security"",
      ""nature"": ""misconfigured_storage"",
      ""description"": ""Misconfigured cloud storage buckets or services exposing sensitive data publicly or to unauthorized users, leading to data breaches or leakage."",
      ""risk_reduction"": [
        ""Implement automated configuration scanning and compliance checks"",
        ""Enforce least privilege access controls and role-based access"",
        ""Use cloud provider security posture management (CSPM) tools""
      ],
      ""justification"": ""Cloud misconfigurations remain a top cause of data breaches in 2023-2025, especially with rapid cloud adoption and complex environments.""
    },
    {
      ""area"": ""Supply Chain"",
      ""nature"": ""third_party_compromise"",
      ""description"": ""Adversaries compromise software or hardware suppliers to insert malicious code or backdoors, impacting downstream customers and organizations."",
      ""risk_reduction"": [
        ""Conduct thorough vendor risk assessments and continuous monitoring"",
        ""Implement software bill of materials (SBOM) and integrity verification"",
        ""Use zero trust principles for supply chain access""
      ],
      ""justification"": ""Supply chain attacks like SolarWinds have shown the high impact and stealth of this vector, making it a critical emerging threat.""
    },
    {
      ""area"": ""AI/ML Threats"",
      ""nature"": ""adversarial_ml_attack"",
      ""description"": ""Attackers craft inputs to machine learning models that cause misclassification or erroneous outputs, undermining AI-driven security or business systems."",
      ""risk_reduction"": [
        ""Use robust ML model training with adversarial examples"",
        ""Implement input validation and anomaly detection on ML pipelines"",
        ""Continuously monitor model performance and retrain as needed""
      ],
      ""justification"": ""As AI adoption grows, adversarial ML attacks are emerging as a novel threat vector targeting AI systems' integrity.""
    },
    {
      ""area"": ""AI/ML Threats"",
      ""nature"": ""ai_generated_phishing"",
      ""description"": ""Use of AI to generate highly convincing phishing messages or deepfake content to increase success rates of social engineering attacks."",
      ""risk_reduction"": [
        ""Deploy AI-based detection tools to identify synthetic content"",
        ""Enhance user awareness training with examples of AI-generated attacks"",
        ""Implement multi-factor authentication to reduce credential theft impact""
      ],
      ""justification"": ""AI-generated content significantly increases phishing sophistication and volume, posing a rising threat.""
    },
    {
      ""area"": ""Enterprise"",
      ""nature"": ""ransomware_as_a_service"",
      ""description"": ""Ransomware operations offered as a service to affiliates, lowering the barrier for attackers and increasing ransomware incidents."",
      ""risk_reduction"": [
        ""Maintain regular offline backups and test restoration processes"",
        ""Implement network segmentation and endpoint detection and response (EDR)"",
        ""Apply timely patching and vulnerability management""
      ],
      ""justification"": ""Ransomware-as-a-service models have driven a surge in ransomware attacks with diverse threat actors.""
    }
  ],
  ""enhancement_suggestions"": {
    ""new_fields"": [
      {
        ""field_name"": ""attack_vector"",
        ""description"": ""The primary method or channel used to execute the attack (e.g., email, web, API, supply chain)."",
        ""example_values"": [
          ""email"",
          ""web"",
          ""cloud_api"",
          ""third_party_vendor"",
          ""malicious_file""
        ]
      },
      {
        ""field_name"": ""asset_targeted"",
        ""description"": ""Type of asset or system targeted by the threat (e.g., user_credentials, cloud_storage, ML_model, financial_system)."",
        ""example_values"": [
          ""user_credentials"",
          ""cloud_storage"",
          ""machine_learning_model"",
          ""financial_system""
        ]
      },
      {
        ""field_name"": ""kill_chain_phase"",
        ""description"": ""Phase of the cyber kill chain or MITRE ATT&CK tactic where the threat is observed (e.g., initial_access, execution, exfiltration)."",
        ""example_values"": [
          ""initial_access"",
          ""execution"",
          ""credential_access"",
          ""exfiltration"",
          ""impact""
        ]
      },
      {
        ""field_name"": ""impact_level"",
        ""description"": ""Estimated severity or impact level of the threat (e.g., low, medium, high, critical)."",
        ""example_values"": [
          ""low"",
          ""medium"",
          ""high"",
          ""critical""
        ]
      },
      {
        ""field_name"": ""detection_methods"",
        ""description"": ""Recommended or typical methods/tools used to detect the threat."",
        ""example_values"": [
          ""email filtering"",
          ""anomaly detection"",
          ""behavioral analytics"",
          ""threat intelligence feeds""
        ]
      }
    ],
    ""structural_improvements"": ""Introduce a multi-level hierarchical structure (area > category > nature) aligned with MITRE ATT&CK tactics and techniques. Include unique identifiers for each threat entry to facilitate cross-referencing. Add metadata fields such as 'last_updated', 'references' (to advisories or CVEs), and 'examples' to enhance context and usability for security teams.""
  }
}

Please generate an updated problems dataset that:

1. **Incorporates New Threats**: Add the recommended missing threats from the evaluation
2. **Applies Structural Improvements**: Implement suggested categorization and field enhancements
3. **Merges/Reclassifies**: Apply any recommended merging or reclassification suggestions
4. **Maintains Consistency**: Ensure all entries follow the same structure and quality standards
5. **Preserves Existing Content**: Keep valuable existing problems while improving their classification

For any new threats added, ensure they include:
- Clear, technical descriptions
- Realistic risk reduction strategies
- Proper categorization using the improved taxonomy

Return the updated dataset as a JSON object with this exact structure:
{
  ""problems"": [
    {
      ""area"": ""area_name"",
      ""nature"": ""specific_nature"",
      ""description"": ""detailed technical description"",
      ""risk_reduction"": [""strategy1"", ""strategy2"", ""strategy3""]
    }
  ]
}

Return only valid JSON with the complete updated problems list.
","[{""area"": ""Social Engineering"", ""category"": ""Phishing"", ""nature"": ""credential_harvesting"", ""description"": ""Attackers send emails impersonating trusted entities to trick users into submitting their login credentials on fake websites."", ""risk_reduction"": [""Implement multi-factor authentication (MFA) to reduce impact of stolen credentials"", ""Deploy advanced email filtering and anti-phishing tools"", ""Conduct regular user training and simulated phishing exercises""], ""attack_vector"": ""email"", ""asset_targeted"": ""user_credentials"", ""kill_chain_phase"": ""credential_access"", ""impact_level"": ""high"", ""detection_methods"": [""email filtering"", ""behavioral analytics"", ""threat intelligence feeds""], ""last_updated"": ""2024-06"", ""references"": [], ""examples"": []}, {""area"": ""Social Engineering"", ""category"": ""Phishing"", ""nature"": ""spear_phishing"", ""description"": ""Highly targeted phishing emails crafted using personal information to deceive specific individuals into revealing sensitive data or executing malicious actions."", ""risk_reduction"": [""Use threat intelligence to identify and block targeted phishing campaigns"", ""Educate employees on recognizing social engineering tactics"", ""Enforce strict verification procedures for sensitive requests""], ""attack_vector"": ""email"", ""asset_targeted"": ""user_credentials"", ""kill_chain_phase"": ""initial_access"", ""impact_level"": ""high"", ""detection_methods"": [""email filtering"", ""behavioral analytics"", ""threat intelligence feeds""], ""last_updated"": ""2024-06"", ""references"": [], ""examples"": []}, {""area"": ""Social Engineering"", ""category"": ""Phishing"", ""nature"": ""business_email_compromise"", ""description"": ""Attackers compromise or spoof executive email accounts to request fraudulent wire transfers or sensitive information from employees."", ""risk_reduction"": [""Enable email authentication protocols like DMARC, DKIM, and SPF"", ""Establish multi-step verification for financial transactions"", ""Monitor email accounts for unusual sending patterns""], ""attack_vector"": ""email"", ""asset_targeted"": ""financial_system"", ""kill_chain_phase"": ""initial_access"", ""impact_level"": ""critical"", ""detection_methods"": [""email filtering"", ""anomaly detection"", ""behavioral analytics""], ""last_updated"": ""2024-06"", ""references"": [], ""examples"": []}, {""area"": ""Cloud Security"", ""category"": ""Misconfiguration"", ""nature"": ""misconfigured_storage"", ""description"": ""Misconfigured cloud storage buckets or services exposing sensitive data publicly or to unauthorized users, leading to data breaches or leakage."", ""risk_reduction"": [""Implement automated configuration scanning and compliance checks"", ""Enforce least privilege access controls and role-based access"", ""Use cloud provider security posture management (CSPM) tools""], ""attack_vector"": ""cloud_api"", ""asset_targeted"": ""cloud_storage"", ""kill_chain_phase"": ""exfiltration"", ""impact_level"": ""critical"", ""detection_methods"": [""configuration scanning"", ""compliance monitoring"", ""cloud security posture management""], ""last_updated"": ""2024-06"", ""references"": [], ""examples"": []}, {""area"": ""Supply Chain"", ""category"": ""Compromise"", ""nature"": ""third_party_compromise"", ""description"": ""Adversaries compromise software or hardware suppliers to insert malicious code or backdoors, impacting downstream customers and organizations."", ""risk_reduction"": [""Conduct thorough vendor risk assessments and continuous monitoring"", ""Implement software bill of materials (SBOM) and integrity verification"", ""Use zero trust principles for supply chain access""], ""attack_vector"": ""third_party_vendor"", ""asset_targeted"": ""software_code"", ""kill_chain_phase"": ""initial_access"", ""impact_level"": ""critical"", ""detection_methods"": [""vendor risk monitoring"", ""software integrity verification"", ""threat intelligence feeds""], ""last_updated"": ""2024-06"", ""references"": [], ""examples"": []}, {""area"": ""AI/ML Threats"", ""category"": ""Adversarial Attack"", ""nature"": ""adversarial_ml_attack"", ""description"": ""Attackers craft inputs to machine learning models that cause misclassification or erroneous outputs, undermining AI-driven security or business systems."", ""risk_reduction"": [""Use robust ML model training with adversarial examples"", ""Implement input validation and anomaly detection on ML pipelines"", ""Continuously monitor model performance and retrain as needed""], ""attack_vector"": ""malicious_file"", ""asset_targeted"": ""machine_learning_model"", ""kill_chain_phase"": ""execution"", ""impact_level"": ""high"", ""detection_methods"": [""anomaly detection"", ""behavioral analytics"", ""model performance monitoring""], ""last_updated"": ""2024-06"", ""references"": [], ""examples"": []}, {""area"": ""AI/ML Threats"", ""category"": ""Synthetic Content"", ""nature"": ""ai_generated_phishing"", ""description"": ""Use of AI to generate highly convincing phishing messages or deepfake content to increase success rates of social engineering attacks."", ""risk_reduction"": [""Deploy AI-based detection tools to identify synthetic content"", ""Enhance user awareness training with examples of AI-generated attacks"", ""Implement multi-factor authentication to reduce credential theft impact""], ""attack_vector"": ""email"", ""asset_targeted"": ""user_credentials"", ""kill_chain_phase"": ""initial_access"", ""impact_level"": ""high"", ""detection_methods"": [""AI content detection"", ""email filtering"", ""behavioral analytics""], ""last_updated"": ""2024-06"", ""references"": [], ""examples"": []}, {""area"": ""Enterprise"", ""category"": ""Ransomware"", ""nature"": ""ransomware_as_a_service"", ""description"": ""Ransomware operations offered as a service to affiliates, lowering the barrier for attackers and increasing ransomware incidents."", ""risk_reduction"": [""Maintain regular offline backups and test restoration processes"", ""Implement network segmentation and endpoint detection and response (EDR)"", ""Apply timely patching and vulnerability management""], ""attack_vector"": ""malicious_file"", ""asset_targeted"": ""enterprise_network"", ""kill_chain_phase"": ""impact"", ""impact_level"": ""critical"", ""detection_methods"": [""endpoint detection and response"", ""network segmentation monitoring"", ""backup verification""], ""last_updated"": ""2024-06"", ""references"": [], ""examples"": []}]"
