system,user,assistant
"You are an expert cybersecurity analyst and synthetic data engineer. Your mission is to help catalog and generate synthetic datasets for critical cybersecurity challenges across diverse operational environments.

Operational areas:
- **Enterprise**
- **Cloud**
- **Personal**

For each problem you describe, include:
1. **nature**: The specific category or type (e.g., phishing, data exfiltration, misconfiguration).
2. **description**: A concise but comprehensive overview of the issue.
3. **risk_reduction**: Concrete strategies or controls to mitigate the threat.
","Please generate a JSON object with a single key ""problems"", whose value is an array of problem entries. Each entry must include:

- ""area"": One of [""Phishing Attack""]
- ""nature"": A concise label for the problem category (e.g., ""phishing"", ""misconfiguration"").
- ""description"": A detailed explanation of the problem scenario.
- ""risk_reduction"": A list of recommended mitigation measures.

Include at least three problems per area. Return valid JSON only—no additional text.

Please refer this example of JSON file as format as well as the illustrated examples.

{
    ""problems"": [
        {
            ""area"": ""Enterprise"",
            ""nature"": ""phishing"",
            ""description"": ""Employees receive emails that appear to come from internal IT requesting credential updates. The messages contain malicious links that harvest login credentials when clicked."",
            ""risk_reduction"": [
                ""Enable multi‑factor authentication (MFA) for all user accounts"",
                ""Deploy email filtering to flag or quarantine suspicious senders"",
                ""Run regular security awareness training and phishing simulations""
            ]
        },
        {
            ""area"": ""Enterprise"",
            ""nature"": ""insider_data_exfiltration"",
            ""description"": ""A trusted employee copies sensitive customer data onto a personal USB drive and transfers it out of the corporate network."",
            ""risk_reduction"": [
                ""Implement strict USB/device usage policies with endpoint DLP"",
                ""Monitor file access and data transfer logs for anomalies"",
                ""Enforce least‑privilege access controls""
            ]
        },
        {
            ""area"": ""Enterprise"",
            ""nature"": ""privilege_escalation"",
            ""description"": ""An attacker exploits a misconfigured service to gain administrative privileges on a critical server, allowing them to install backdoors and move laterally."",
            ""risk_reduction"": [
                ""Regularly audit and patch operating systems and services"",
                ""Use role‑based access control and avoid running processes as root"",
                ""Deploy intrusion detection systems (IDS) to catch unusual privilege use""
            ]
        },
        {
            ""area"": ""Cloud"",
            ""nature"": ""misconfigured_storage"",
            ""description"": ""An S3 bucket containing customer PII is left publicly readable, exposing sensitive data to the internet."",
            ""risk_reduction"": [
                ""Enforce automated checks for public‑access settings"",
                ""Use IAM policies to restrict bucket access to known roles"",
                ""Enable bucket logging and review access logs regularly""
            ]
        },
        {
            ""area"": ""Cloud"",
            ""nature"": ""api_key_leakage"",
            ""description"": ""Hard‑coded API keys in a public GitHub repository allow attackers to access and manipulate cloud resources."",
            ""risk_reduction"": [
                ""Store secrets in a managed vault (e.g., AWS Secrets Manager)"",
                ""Scan code repositories for leaked credentials"",
                ""Rotate API keys on a regular schedule""
            ]
        },
        {
            ""area"": ""Cloud"",
            ""nature"": ""container_escape"",
            ""description"": ""A vulnerable container image allows an attacker to break out of the container namespace and gain root access on the host."",
            ""risk_reduction"": [
                ""Use minimal, trusted base images and apply timely patches"",
                ""Run containers with non‑root users and restricted capabilities"",
                ""Deploy container runtime security tools to monitor system calls""
            ]
        },
        {
            ""area"": ""EDTC"",
            ""nature"": ""insecure_lms_login"",
            ""description"": ""Students’ credentials for an educational platform are transmitted over unencrypted HTTP, risking interception by attackers."",
            ""risk_reduction"": [
                ""Enforce HTTPS/TLS for all web traffic"",
                ""Implement strong password policies and MFA"",
                ""Conduct regular penetration tests on the platform""
            ]
        },
        {
            ""area"": ""EDTC"",
            ""nature"": ""student_data_privacy"",
            ""description"": ""Unrestricted database permissions allow staff to view or export sensitive student grades and personal information without proper authorization."",
            ""risk_reduction"": [
                ""Apply role‑based permissions at the database level"",
                ""Mask or redact PII in non‑production environments"",
                ""Audit database access and alert on large exports""
            ]
        },
        {
            ""area"": ""EDTC"",
            ""nature"": ""unpatched_edu_software"",
            ""description"": ""An outdated educational software package with known vulnerabilities is still in use on campus machines, opening attackers to remote code execution risks."",
            ""risk_reduction"": [
                ""Maintain a centralized patch management process"",
                ""Isolate legacy systems in a segmented network zone"",
                ""Monitor vulnerability feeds and apply critical fixes promptly""
            ]
        }
    ]
}
","[{""area"": ""Enterprise"", ""nature"": ""phishing"", ""description"": ""Employees receive emails impersonating executives requesting urgent wire transfers or sensitive information, leveraging social engineering to bypass normal verification processes."", ""risk_reduction"": [""Implement email authentication protocols like DMARC, DKIM, and SPF"", ""Train employees to verify unusual requests through separate communication channels"", ""Use advanced email filtering solutions to detect and quarantine suspicious messages""]}, {""area"": ""Enterprise"", ""nature"": ""phishing"", ""description"": ""Phishing emails contain malicious attachments that, when opened, install ransomware or spyware on corporate endpoints."", ""risk_reduction"": [""Deploy endpoint protection with real-time malware scanning"", ""Restrict execution of macros and scripts in email attachments"", ""Conduct regular phishing awareness campaigns and simulated attacks""]}, {""area"": ""Enterprise"", ""nature"": ""phishing"", ""description"": ""Spear phishing campaigns target high-level employees with personalized messages to steal credentials or gain unauthorized access to sensitive systems."", ""risk_reduction"": [""Enforce multi-factor authentication (MFA) for privileged accounts"", ""Monitor login attempts for unusual geographic or temporal patterns"", ""Limit access rights based on role and necessity""]}, {""area"": ""Cloud"", ""nature"": ""phishing"", ""description"": ""Attackers send phishing emails that mimic cloud service providers, tricking users into entering credentials on fake login pages to capture cloud account access."", ""risk_reduction"": [""Enable MFA on all cloud accounts"", ""Educate users on recognizing legitimate provider communications"", ""Use browser security tools to detect and block phishing sites""]}, {""area"": ""Cloud"", ""nature"": ""phishing"", ""description"": ""Phishing campaigns exploit cloud collaboration tools by sending malicious links or files through shared documents or chat platforms."", ""risk_reduction"": [""Implement content scanning and malware detection on shared files"", ""Restrict sharing permissions and monitor collaboration activity"", ""Train users to verify unexpected links or file shares""]}, {""area"": ""Cloud"", ""nature"": ""phishing"", ""description"": ""Compromised cloud credentials obtained via phishing are used to escalate privileges and deploy cryptojacking or data exfiltration malware."", ""risk_reduction"": [""Use identity and access management (IAM) policies with least privilege"", ""Monitor cloud account activity for anomalies"", ""Rotate credentials regularly and revoke unused access keys""]}, {""area"": ""Personal"", ""nature"": ""phishing"", ""description"": ""Individuals receive SMS or email messages pretending to be from banks or service providers, prompting them to click malicious links or provide personal information."", ""risk_reduction"": [""Verify messages by contacting the institution directly using official channels"", ""Avoid clicking on links or downloading attachments from unknown sources"", ""Use mobile security apps that detect phishing attempts""]}, {""area"": ""Personal"", ""nature"": ""phishing"", ""description"": ""Phishing websites mimic popular social media or e-commerce platforms to steal login credentials and personal data from unsuspecting users."", ""risk_reduction"": [""Check website URLs carefully for misspellings or unusual domains"", ""Enable MFA on personal accounts"", ""Use password managers to autofill credentials only on legitimate sites""]}, {""area"": ""Personal"", ""nature"": ""phishing"", ""description"": ""Voice phishing (vishing) calls impersonate trusted entities to extract sensitive information such as credit card numbers or social security details."", ""risk_reduction"": [""Do not provide personal information over the phone unless the call is verified"", ""Register with call-blocking services to reduce spam calls"", ""Report suspicious calls to relevant authorities or service providers""]}]"
"You are an expert cybersecurity analyst and synthetic data engineer. Your mission is to help catalog and generate synthetic datasets for critical cybersecurity challenges across diverse operational environments.

Operational areas:
- **Enterprise**
- **Cloud**
- **Personal**

For each problem you describe, include:
1. **nature**: The specific category or type (e.g., phishing, data exfiltration, misconfiguration).
2. **description**: A concise but comprehensive overview of the issue.
3. **risk_reduction**: Concrete strategies or controls to mitigate the threat.
","Please generate a JSON object with a single key ""problems"", whose value is an array of problem entries. Each entry must include:

- ""area"": One of [""Phishing Attack""]
- ""nature"": A concise label for the problem category (e.g., ""phishing"", ""misconfiguration"").
- ""description"": A detailed explanation of the problem scenario.
- ""risk_reduction"": A list of recommended mitigation measures.

Include at least three problems per area. Return valid JSON only—no additional text.

Please refer this example of JSON file as format as well as the illustrated examples.

{
    ""problems"": [
        {
            ""area"": ""Enterprise"",
            ""nature"": ""phishing"",
            ""description"": ""Employees receive emails that appear to come from internal IT requesting credential updates. The messages contain malicious links that harvest login credentials when clicked."",
            ""risk_reduction"": [
                ""Enable multi‑factor authentication (MFA) for all user accounts"",
                ""Deploy email filtering to flag or quarantine suspicious senders"",
                ""Run regular security awareness training and phishing simulations""
            ]
        },
        {
            ""area"": ""Enterprise"",
            ""nature"": ""insider_data_exfiltration"",
            ""description"": ""A trusted employee copies sensitive customer data onto a personal USB drive and transfers it out of the corporate network."",
            ""risk_reduction"": [
                ""Implement strict USB/device usage policies with endpoint DLP"",
                ""Monitor file access and data transfer logs for anomalies"",
                ""Enforce least‑privilege access controls""
            ]
        },
        {
            ""area"": ""Enterprise"",
            ""nature"": ""privilege_escalation"",
            ""description"": ""An attacker exploits a misconfigured service to gain administrative privileges on a critical server, allowing them to install backdoors and move laterally."",
            ""risk_reduction"": [
                ""Regularly audit and patch operating systems and services"",
                ""Use role‑based access control and avoid running processes as root"",
                ""Deploy intrusion detection systems (IDS) to catch unusual privilege use""
            ]
        },
        {
            ""area"": ""Cloud"",
            ""nature"": ""misconfigured_storage"",
            ""description"": ""An S3 bucket containing customer PII is left publicly readable, exposing sensitive data to the internet."",
            ""risk_reduction"": [
                ""Enforce automated checks for public‑access settings"",
                ""Use IAM policies to restrict bucket access to known roles"",
                ""Enable bucket logging and review access logs regularly""
            ]
        },
        {
            ""area"": ""Cloud"",
            ""nature"": ""api_key_leakage"",
            ""description"": ""Hard‑coded API keys in a public GitHub repository allow attackers to access and manipulate cloud resources."",
            ""risk_reduction"": [
                ""Store secrets in a managed vault (e.g., AWS Secrets Manager)"",
                ""Scan code repositories for leaked credentials"",
                ""Rotate API keys on a regular schedule""
            ]
        },
        {
            ""area"": ""Cloud"",
            ""nature"": ""container_escape"",
            ""description"": ""A vulnerable container image allows an attacker to break out of the container namespace and gain root access on the host."",
            ""risk_reduction"": [
                ""Use minimal, trusted base images and apply timely patches"",
                ""Run containers with non‑root users and restricted capabilities"",
                ""Deploy container runtime security tools to monitor system calls""
            ]
        },
        {
            ""area"": ""EDTC"",
            ""nature"": ""insecure_lms_login"",
            ""description"": ""Students’ credentials for an educational platform are transmitted over unencrypted HTTP, risking interception by attackers."",
            ""risk_reduction"": [
                ""Enforce HTTPS/TLS for all web traffic"",
                ""Implement strong password policies and MFA"",
                ""Conduct regular penetration tests on the platform""
            ]
        },
        {
            ""area"": ""EDTC"",
            ""nature"": ""student_data_privacy"",
            ""description"": ""Unrestricted database permissions allow staff to view or export sensitive student grades and personal information without proper authorization."",
            ""risk_reduction"": [
                ""Apply role‑based permissions at the database level"",
                ""Mask or redact PII in non‑production environments"",
                ""Audit database access and alert on large exports""
            ]
        },
        {
            ""area"": ""EDTC"",
            ""nature"": ""unpatched_edu_software"",
            ""description"": ""An outdated educational software package with known vulnerabilities is still in use on campus machines, opening attackers to remote code execution risks."",
            ""risk_reduction"": [
                ""Maintain a centralized patch management process"",
                ""Isolate legacy systems in a segmented network zone"",
                ""Monitor vulnerability feeds and apply critical fixes promptly""
            ]
        }
    ]
}
","[{""area"": ""Phishing Attack"", ""nature"": ""credential_harvesting"", ""description"": ""Attackers send deceptive emails impersonating trusted entities to trick users into submitting their login credentials on fake websites."", ""risk_reduction"": [""Implement multi-factor authentication (MFA) to reduce credential misuse"", ""Deploy advanced email filtering and anti-phishing tools"", ""Conduct regular user training and simulated phishing exercises""]}, {""area"": ""Phishing Attack"", ""nature"": ""spear_phishing"", ""description"": ""Highly targeted phishing campaigns aimed at specific individuals or roles within an organization to gain access to sensitive information or systems."", ""risk_reduction"": [""Use threat intelligence to identify and block targeted phishing attempts"", ""Educate high-risk users on recognizing spear phishing tactics"", ""Enforce strict verification procedures for sensitive requests""]}, {""area"": ""Phishing Attack"", ""nature"": ""business_email_compromise"", ""description"": ""Attackers compromise or spoof executive email accounts to request fraudulent wire transfers or sensitive data from employees."", ""risk_reduction"": [""Enable email authentication protocols like DMARC, DKIM, and SPF"", ""Verify financial requests through secondary communication channels"", ""Monitor email accounts for unusual activity and access patterns""]}]"
"You are an expert cybersecurity analyst and synthetic data engineer. Your mission is to help catalog and generate synthetic datasets for critical cybersecurity challenges across diverse operational environments.

Operational areas:
- **Enterprise**
- **Cloud**
- **Personal**

For each problem you describe, include:
1. **nature**: The specific category or type (e.g., phishing, data exfiltration, misconfiguration).
2. **description**: A concise but comprehensive overview of the issue.
3. **risk_reduction**: Concrete strategies or controls to mitigate the threat.
","Please generate a JSON object with a single key ""problems"", whose value is an array of problem entries. Each entry must include:

- ""area"": One of [""Phishing Attack""]
- ""nature"": A concise label for the problem category (e.g., ""phishing"", ""misconfiguration"").
- ""description"": A detailed explanation of the problem scenario.
- ""risk_reduction"": A list of recommended mitigation measures.

Include at least three problems per area. Return valid JSON only—no additional text.

Please refer this example of JSON file as format as well as the illustrated examples.

{
    ""problems"": [
        {
            ""area"": ""Enterprise"",
            ""nature"": ""phishing"",
            ""description"": ""Employees receive emails that appear to come from internal IT requesting credential updates. The messages contain malicious links that harvest login credentials when clicked."",
            ""risk_reduction"": [
                ""Enable multi‑factor authentication (MFA) for all user accounts"",
                ""Deploy email filtering to flag or quarantine suspicious senders"",
                ""Run regular security awareness training and phishing simulations""
            ]
        },
        {
            ""area"": ""Enterprise"",
            ""nature"": ""insider_data_exfiltration"",
            ""description"": ""A trusted employee copies sensitive customer data onto a personal USB drive and transfers it out of the corporate network."",
            ""risk_reduction"": [
                ""Implement strict USB/device usage policies with endpoint DLP"",
                ""Monitor file access and data transfer logs for anomalies"",
                ""Enforce least‑privilege access controls""
            ]
        },
        {
            ""area"": ""Enterprise"",
            ""nature"": ""privilege_escalation"",
            ""description"": ""An attacker exploits a misconfigured service to gain administrative privileges on a critical server, allowing them to install backdoors and move laterally."",
            ""risk_reduction"": [
                ""Regularly audit and patch operating systems and services"",
                ""Use role‑based access control and avoid running processes as root"",
                ""Deploy intrusion detection systems (IDS) to catch unusual privilege use""
            ]
        },
        {
            ""area"": ""Cloud"",
            ""nature"": ""misconfigured_storage"",
            ""description"": ""An S3 bucket containing customer PII is left publicly readable, exposing sensitive data to the internet."",
            ""risk_reduction"": [
                ""Enforce automated checks for public‑access settings"",
                ""Use IAM policies to restrict bucket access to known roles"",
                ""Enable bucket logging and review access logs regularly""
            ]
        },
        {
            ""area"": ""Cloud"",
            ""nature"": ""api_key_leakage"",
            ""description"": ""Hard‑coded API keys in a public GitHub repository allow attackers to access and manipulate cloud resources."",
            ""risk_reduction"": [
                ""Store secrets in a managed vault (e.g., AWS Secrets Manager)"",
                ""Scan code repositories for leaked credentials"",
                ""Rotate API keys on a regular schedule""
            ]
        },
        {
            ""area"": ""Cloud"",
            ""nature"": ""container_escape"",
            ""description"": ""A vulnerable container image allows an attacker to break out of the container namespace and gain root access on the host."",
            ""risk_reduction"": [
                ""Use minimal, trusted base images and apply timely patches"",
                ""Run containers with non‑root users and restricted capabilities"",
                ""Deploy container runtime security tools to monitor system calls""
            ]
        },
        {
            ""area"": ""EDTC"",
            ""nature"": ""insecure_lms_login"",
            ""description"": ""Students’ credentials for an educational platform are transmitted over unencrypted HTTP, risking interception by attackers."",
            ""risk_reduction"": [
                ""Enforce HTTPS/TLS for all web traffic"",
                ""Implement strong password policies and MFA"",
                ""Conduct regular penetration tests on the platform""
            ]
        },
        {
            ""area"": ""EDTC"",
            ""nature"": ""student_data_privacy"",
            ""description"": ""Unrestricted database permissions allow staff to view or export sensitive student grades and personal information without proper authorization."",
            ""risk_reduction"": [
                ""Apply role‑based permissions at the database level"",
                ""Mask or redact PII in non‑production environments"",
                ""Audit database access and alert on large exports""
            ]
        },
        {
            ""area"": ""EDTC"",
            ""nature"": ""unpatched_edu_software"",
            ""description"": ""An outdated educational software package with known vulnerabilities is still in use on campus machines, opening attackers to remote code execution risks."",
            ""risk_reduction"": [
                ""Maintain a centralized patch management process"",
                ""Isolate legacy systems in a segmented network zone"",
                ""Monitor vulnerability feeds and apply critical fixes promptly""
            ]
        }
    ]
}
","[{""area"": ""Phishing Attack"", ""nature"": ""credential_harvesting"", ""description"": ""Attackers send emails impersonating trusted entities to trick users into entering their login credentials on fake websites, leading to account compromise."", ""risk_reduction"": [""Implement multi-factor authentication (MFA) to reduce impact of stolen credentials"", ""Deploy advanced email filtering and anti-phishing tools"", ""Conduct regular user training and simulated phishing exercises""]}, {""area"": ""Phishing Attack"", ""nature"": ""spear_phishing"", ""description"": ""Highly targeted phishing emails crafted using personal information to deceive specific individuals, often executives, into revealing sensitive data or authorizing fraudulent transactions."", ""risk_reduction"": [""Use threat intelligence to identify and block targeted phishing campaigns"", ""Educate high-risk users on recognizing spear phishing tactics"", ""Enforce strict verification procedures for sensitive requests""]}, {""area"": ""Phishing Attack"", ""nature"": ""malicious_attachments"", ""description"": ""Phishing emails contain malicious attachments that, when opened, install malware such as ransomware or keyloggers on the victim\u2019s device."", ""risk_reduction"": [""Configure email gateways to scan and block suspicious attachments"", ""Restrict execution of macros and scripts from email attachments"", ""Train users to avoid opening unexpected or unsolicited attachments""]}]"
"You are an expert cybersecurity analyst and synthetic data engineer. Your mission is to help catalog and generate synthetic datasets for critical cybersecurity challenges across diverse operational environments.

Operational areas:
- **Enterprise**
- **Cloud**
- **Personal**

For each problem you describe, include:
1. **nature**: The specific category or type (e.g., phishing, data exfiltration, misconfiguration).
2. **description**: A concise but comprehensive overview of the issue.
3. **risk_reduction**: Concrete strategies or controls to mitigate the threat.
","Please generate a JSON object with a single key ""problems"", whose value is an array of problem entries. Each entry must include:

- ""area"": One of [""Phishing Attack""]
- ""nature"": A concise label for the problem category (e.g., ""phishing"", ""misconfiguration"").
- ""description"": A detailed explanation of the problem scenario.
- ""risk_reduction"": A list of recommended mitigation measures.

Include at least three problems per area. Return valid JSON only—no additional text.

Please refer this example of JSON file as format as well as the illustrated examples.

{
    ""problems"": [
        {
            ""area"": ""Enterprise"",
            ""nature"": ""phishing"",
            ""description"": ""Employees receive emails that appear to come from internal IT requesting credential updates. The messages contain malicious links that harvest login credentials when clicked."",
            ""risk_reduction"": [
                ""Enable multi‑factor authentication (MFA) for all user accounts"",
                ""Deploy email filtering to flag or quarantine suspicious senders"",
                ""Run regular security awareness training and phishing simulations""
            ]
        },
        {
            ""area"": ""Enterprise"",
            ""nature"": ""insider_data_exfiltration"",
            ""description"": ""A trusted employee copies sensitive customer data onto a personal USB drive and transfers it out of the corporate network."",
            ""risk_reduction"": [
                ""Implement strict USB/device usage policies with endpoint DLP"",
                ""Monitor file access and data transfer logs for anomalies"",
                ""Enforce least‑privilege access controls""
            ]
        },
        {
            ""area"": ""Enterprise"",
            ""nature"": ""privilege_escalation"",
            ""description"": ""An attacker exploits a misconfigured service to gain administrative privileges on a critical server, allowing them to install backdoors and move laterally."",
            ""risk_reduction"": [
                ""Regularly audit and patch operating systems and services"",
                ""Use role‑based access control and avoid running processes as root"",
                ""Deploy intrusion detection systems (IDS) to catch unusual privilege use""
            ]
        },
        {
            ""area"": ""Cloud"",
            ""nature"": ""misconfigured_storage"",
            ""description"": ""An S3 bucket containing customer PII is left publicly readable, exposing sensitive data to the internet."",
            ""risk_reduction"": [
                ""Enforce automated checks for public‑access settings"",
                ""Use IAM policies to restrict bucket access to known roles"",
                ""Enable bucket logging and review access logs regularly""
            ]
        },
        {
            ""area"": ""Cloud"",
            ""nature"": ""api_key_leakage"",
            ""description"": ""Hard‑coded API keys in a public GitHub repository allow attackers to access and manipulate cloud resources."",
            ""risk_reduction"": [
                ""Store secrets in a managed vault (e.g., AWS Secrets Manager)"",
                ""Scan code repositories for leaked credentials"",
                ""Rotate API keys on a regular schedule""
            ]
        },
        {
            ""area"": ""Cloud"",
            ""nature"": ""container_escape"",
            ""description"": ""A vulnerable container image allows an attacker to break out of the container namespace and gain root access on the host."",
            ""risk_reduction"": [
                ""Use minimal, trusted base images and apply timely patches"",
                ""Run containers with non‑root users and restricted capabilities"",
                ""Deploy container runtime security tools to monitor system calls""
            ]
        },
        {
            ""area"": ""EDTC"",
            ""nature"": ""insecure_lms_login"",
            ""description"": ""Students’ credentials for an educational platform are transmitted over unencrypted HTTP, risking interception by attackers."",
            ""risk_reduction"": [
                ""Enforce HTTPS/TLS for all web traffic"",
                ""Implement strong password policies and MFA"",
                ""Conduct regular penetration tests on the platform""
            ]
        },
        {
            ""area"": ""EDTC"",
            ""nature"": ""student_data_privacy"",
            ""description"": ""Unrestricted database permissions allow staff to view or export sensitive student grades and personal information without proper authorization."",
            ""risk_reduction"": [
                ""Apply role‑based permissions at the database level"",
                ""Mask or redact PII in non‑production environments"",
                ""Audit database access and alert on large exports""
            ]
        },
        {
            ""area"": ""EDTC"",
            ""nature"": ""unpatched_edu_software"",
            ""description"": ""An outdated educational software package with known vulnerabilities is still in use on campus machines, opening attackers to remote code execution risks."",
            ""risk_reduction"": [
                ""Maintain a centralized patch management process"",
                ""Isolate legacy systems in a segmented network zone"",
                ""Monitor vulnerability feeds and apply critical fixes promptly""
            ]
        }
    ]
}
","[{""area"": ""Phishing Attack"", ""nature"": ""credential_harvesting"", ""description"": ""Attackers send emails impersonating trusted entities to trick users into entering their login credentials on fake websites, leading to account compromise."", ""risk_reduction"": [""Implement multi-factor authentication (MFA) across all accounts"", ""Deploy advanced email filtering and anti-phishing tools"", ""Conduct regular user training and phishing simulation exercises""]}, {""area"": ""Phishing Attack"", ""nature"": ""spear_phishing"", ""description"": ""Highly targeted phishing campaigns use personalized information to deceive specific individuals, often executives, to gain access to sensitive data or systems."", ""risk_reduction"": [""Use threat intelligence to identify and block targeted phishing attempts"", ""Educate high-risk users on recognizing spear phishing tactics"", ""Enforce strict verification protocols for sensitive requests""]}, {""area"": ""Phishing Attack"", ""nature"": ""business_email_compromise"", ""description"": ""Attackers compromise or spoof business email accounts to request fraudulent wire transfers or sensitive information from employees or partners."", ""risk_reduction"": [""Enable email authentication protocols like DMARC, DKIM, and SPF"", ""Verify financial requests through secondary communication channels"", ""Monitor email accounts for unusual activity and login locations""]}]"
"You are an expert cybersecurity analyst and synthetic data engineer. Your mission is to help catalog and generate synthetic datasets for critical cybersecurity challenges across diverse operational environments.

Operational areas:
- **Enterprise**
- **Cloud**
- **Personal**

For each problem you describe, include:
1. **nature**: The specific category or type (e.g., phishing, data exfiltration, misconfiguration).
2. **description**: A concise but comprehensive overview of the issue.
3. **risk_reduction**: Concrete strategies or controls to mitigate the threat.
","Please generate a JSON object with a single key ""problems"", whose value is an array of problem entries. Each entry must include:

- ""area"": One of [""Phishing Attack""]
- ""nature"": A concise label for the problem category (e.g., ""phishing"", ""misconfiguration"").
- ""description"": A detailed explanation of the problem scenario.
- ""risk_reduction"": A list of recommended mitigation measures.

Include at least three problems per area. Return valid JSON only—no additional text.

Please refer this example of JSON file as format as well as the illustrated examples.

{
    ""problems"": [
        {
            ""area"": ""Enterprise"",
            ""nature"": ""phishing"",
            ""description"": ""Employees receive emails that appear to come from internal IT requesting credential updates. The messages contain malicious links that harvest login credentials when clicked."",
            ""risk_reduction"": [
                ""Enable multi‑factor authentication (MFA) for all user accounts"",
                ""Deploy email filtering to flag or quarantine suspicious senders"",
                ""Run regular security awareness training and phishing simulations""
            ]
        },
        {
            ""area"": ""Enterprise"",
            ""nature"": ""insider_data_exfiltration"",
            ""description"": ""A trusted employee copies sensitive customer data onto a personal USB drive and transfers it out of the corporate network."",
            ""risk_reduction"": [
                ""Implement strict USB/device usage policies with endpoint DLP"",
                ""Monitor file access and data transfer logs for anomalies"",
                ""Enforce least‑privilege access controls""
            ]
        },
        {
            ""area"": ""Enterprise"",
            ""nature"": ""privilege_escalation"",
            ""description"": ""An attacker exploits a misconfigured service to gain administrative privileges on a critical server, allowing them to install backdoors and move laterally."",
            ""risk_reduction"": [
                ""Regularly audit and patch operating systems and services"",
                ""Use role‑based access control and avoid running processes as root"",
                ""Deploy intrusion detection systems (IDS) to catch unusual privilege use""
            ]
        },
        {
            ""area"": ""Cloud"",
            ""nature"": ""misconfigured_storage"",
            ""description"": ""An S3 bucket containing customer PII is left publicly readable, exposing sensitive data to the internet."",
            ""risk_reduction"": [
                ""Enforce automated checks for public‑access settings"",
                ""Use IAM policies to restrict bucket access to known roles"",
                ""Enable bucket logging and review access logs regularly""
            ]
        },
        {
            ""area"": ""Cloud"",
            ""nature"": ""api_key_leakage"",
            ""description"": ""Hard‑coded API keys in a public GitHub repository allow attackers to access and manipulate cloud resources."",
            ""risk_reduction"": [
                ""Store secrets in a managed vault (e.g., AWS Secrets Manager)"",
                ""Scan code repositories for leaked credentials"",
                ""Rotate API keys on a regular schedule""
            ]
        },
        {
            ""area"": ""Cloud"",
            ""nature"": ""container_escape"",
            ""description"": ""A vulnerable container image allows an attacker to break out of the container namespace and gain root access on the host."",
            ""risk_reduction"": [
                ""Use minimal, trusted base images and apply timely patches"",
                ""Run containers with non‑root users and restricted capabilities"",
                ""Deploy container runtime security tools to monitor system calls""
            ]
        },
        {
            ""area"": ""EDTC"",
            ""nature"": ""insecure_lms_login"",
            ""description"": ""Students’ credentials for an educational platform are transmitted over unencrypted HTTP, risking interception by attackers."",
            ""risk_reduction"": [
                ""Enforce HTTPS/TLS for all web traffic"",
                ""Implement strong password policies and MFA"",
                ""Conduct regular penetration tests on the platform""
            ]
        },
        {
            ""area"": ""EDTC"",
            ""nature"": ""student_data_privacy"",
            ""description"": ""Unrestricted database permissions allow staff to view or export sensitive student grades and personal information without proper authorization."",
            ""risk_reduction"": [
                ""Apply role‑based permissions at the database level"",
                ""Mask or redact PII in non‑production environments"",
                ""Audit database access and alert on large exports""
            ]
        },
        {
            ""area"": ""EDTC"",
            ""nature"": ""unpatched_edu_software"",
            ""description"": ""An outdated educational software package with known vulnerabilities is still in use on campus machines, opening attackers to remote code execution risks."",
            ""risk_reduction"": [
                ""Maintain a centralized patch management process"",
                ""Isolate legacy systems in a segmented network zone"",
                ""Monitor vulnerability feeds and apply critical fixes promptly""
            ]
        }
    ]
}
","[{""area"": ""Phishing Attack"", ""nature"": ""credential_harvesting"", ""description"": ""Attackers send emails impersonating trusted entities to trick users into entering their login credentials on fake websites, leading to account compromise."", ""risk_reduction"": [""Implement multi-factor authentication (MFA) to reduce impact of stolen credentials"", ""Deploy advanced email filtering and anti-phishing tools"", ""Conduct regular user training and phishing simulation exercises""]}, {""area"": ""Phishing Attack"", ""nature"": ""spear_phishing"", ""description"": ""Highly targeted phishing emails crafted using personal information to deceive specific individuals, often executives, into revealing sensitive data or authorizing fraudulent transactions."", ""risk_reduction"": [""Use threat intelligence to identify and block targeted phishing campaigns"", ""Educate high-risk users on recognizing spear phishing tactics"", ""Enforce strict verification procedures for sensitive requests""]}, {""area"": ""Phishing Attack"", ""nature"": ""malicious_attachments"", ""description"": ""Phishing emails contain malicious attachments that, when opened, install malware such as ransomware or keyloggers on the victim\u2019s device."", ""risk_reduction"": [""Configure email gateways to scan and block suspicious attachments"", ""Restrict execution of macros and scripts from email attachments"", ""Train users to avoid opening unexpected or unsolicited attachments""]}]"
"You are an expert cybersecurity analyst and synthetic data engineer. Your mission is to help catalog and generate synthetic datasets for critical cybersecurity challenges across diverse operational environments.

Operational areas:
- **Enterprise**
- **Cloud**
- **Personal**

For each problem you describe, include:
1. **nature**: The specific category or type (e.g., phishing, data exfiltration, misconfiguration).
2. **description**: A concise but comprehensive overview of the issue.
3. **risk_reduction**: Concrete strategies or controls to mitigate the threat.
","Please generate a JSON object with a single key ""problems"", whose value is an array of problem entries. Each entry must include:

- ""area"": One of [""Phishing Attack""]
- ""nature"": A concise label for the problem category (e.g., ""phishing"", ""misconfiguration"").
- ""description"": A detailed explanation of the problem scenario.
- ""risk_reduction"": A list of recommended mitigation measures.

Include at least three problems per area. Return valid JSON only—no additional text.

Please refer this example of JSON file as format as well as the illustrated examples.

{
    ""problems"": [
        {
            ""area"": ""Enterprise"",
            ""nature"": ""phishing"",
            ""description"": ""Employees receive emails that appear to come from internal IT requesting credential updates. The messages contain malicious links that harvest login credentials when clicked."",
            ""risk_reduction"": [
                ""Enable multi‑factor authentication (MFA) for all user accounts"",
                ""Deploy email filtering to flag or quarantine suspicious senders"",
                ""Run regular security awareness training and phishing simulations""
            ]
        },
        {
            ""area"": ""Enterprise"",
            ""nature"": ""insider_data_exfiltration"",
            ""description"": ""A trusted employee copies sensitive customer data onto a personal USB drive and transfers it out of the corporate network."",
            ""risk_reduction"": [
                ""Implement strict USB/device usage policies with endpoint DLP"",
                ""Monitor file access and data transfer logs for anomalies"",
                ""Enforce least‑privilege access controls""
            ]
        },
        {
            ""area"": ""Enterprise"",
            ""nature"": ""privilege_escalation"",
            ""description"": ""An attacker exploits a misconfigured service to gain administrative privileges on a critical server, allowing them to install backdoors and move laterally."",
            ""risk_reduction"": [
                ""Regularly audit and patch operating systems and services"",
                ""Use role‑based access control and avoid running processes as root"",
                ""Deploy intrusion detection systems (IDS) to catch unusual privilege use""
            ]
        },
        {
            ""area"": ""Cloud"",
            ""nature"": ""misconfigured_storage"",
            ""description"": ""An S3 bucket containing customer PII is left publicly readable, exposing sensitive data to the internet."",
            ""risk_reduction"": [
                ""Enforce automated checks for public‑access settings"",
                ""Use IAM policies to restrict bucket access to known roles"",
                ""Enable bucket logging and review access logs regularly""
            ]
        },
        {
            ""area"": ""Cloud"",
            ""nature"": ""api_key_leakage"",
            ""description"": ""Hard‑coded API keys in a public GitHub repository allow attackers to access and manipulate cloud resources."",
            ""risk_reduction"": [
                ""Store secrets in a managed vault (e.g., AWS Secrets Manager)"",
                ""Scan code repositories for leaked credentials"",
                ""Rotate API keys on a regular schedule""
            ]
        },
        {
            ""area"": ""Cloud"",
            ""nature"": ""container_escape"",
            ""description"": ""A vulnerable container image allows an attacker to break out of the container namespace and gain root access on the host."",
            ""risk_reduction"": [
                ""Use minimal, trusted base images and apply timely patches"",
                ""Run containers with non‑root users and restricted capabilities"",
                ""Deploy container runtime security tools to monitor system calls""
            ]
        },
        {
            ""area"": ""EDTC"",
            ""nature"": ""insecure_lms_login"",
            ""description"": ""Students’ credentials for an educational platform are transmitted over unencrypted HTTP, risking interception by attackers."",
            ""risk_reduction"": [
                ""Enforce HTTPS/TLS for all web traffic"",
                ""Implement strong password policies and MFA"",
                ""Conduct regular penetration tests on the platform""
            ]
        },
        {
            ""area"": ""EDTC"",
            ""nature"": ""student_data_privacy"",
            ""description"": ""Unrestricted database permissions allow staff to view or export sensitive student grades and personal information without proper authorization."",
            ""risk_reduction"": [
                ""Apply role‑based permissions at the database level"",
                ""Mask or redact PII in non‑production environments"",
                ""Audit database access and alert on large exports""
            ]
        },
        {
            ""area"": ""EDTC"",
            ""nature"": ""unpatched_edu_software"",
            ""description"": ""An outdated educational software package with known vulnerabilities is still in use on campus machines, opening attackers to remote code execution risks."",
            ""risk_reduction"": [
                ""Maintain a centralized patch management process"",
                ""Isolate legacy systems in a segmented network zone"",
                ""Monitor vulnerability feeds and apply critical fixes promptly""
            ]
        }
    ]
}
","[{""area"": ""Phishing Attack"", ""nature"": ""credential_harvesting"", ""description"": ""Attackers send emails impersonating trusted entities to trick users into submitting their login credentials on fake websites."", ""risk_reduction"": [""Implement multi-factor authentication (MFA) to reduce impact of stolen credentials"", ""Deploy advanced email filtering and anti-phishing tools"", ""Conduct regular user training and simulated phishing exercises""]}, {""area"": ""Phishing Attack"", ""nature"": ""spear_phishing"", ""description"": ""Highly targeted phishing emails crafted using personal information to deceive specific individuals into revealing sensitive data or executing malicious actions."", ""risk_reduction"": [""Educate employees on recognizing targeted phishing attempts"", ""Use email authentication protocols like DMARC, DKIM, and SPF"", ""Limit publicly available personal information on social media""]}, {""area"": ""Phishing Attack"", ""nature"": ""business_email_compromise"", ""description"": ""Attackers compromise or spoof executive email accounts to request fraudulent wire transfers or sensitive information from employees."", ""risk_reduction"": [""Verify financial requests through secondary communication channels"", ""Implement strict email authentication and monitoring"", ""Train staff to recognize unusual requests and report suspicious emails""]}]"
"You are an expert cybersecurity analyst and synthetic data engineer. Your mission is to help catalog and generate synthetic datasets for critical cybersecurity challenges across diverse operational environments.

Operational areas:
- **Enterprise**
- **Cloud**
- **Personal**

For each problem you describe, include:
1. **nature**: The specific category or type (e.g., phishing, data exfiltration, misconfiguration).
2. **description**: A concise but comprehensive overview of the issue.
3. **risk_reduction**: Concrete strategies or controls to mitigate the threat.
","Please generate a JSON object with a single key ""problems"", whose value is an array of problem entries. Each entry must include:

- ""area"": One of [""Phishing Attack""]
- ""nature"": A concise label for the problem category (e.g., ""phishing"", ""misconfiguration"").
- ""description"": A detailed explanation of the problem scenario.
- ""risk_reduction"": A list of recommended mitigation measures.

Include at least three problems per area. Return valid JSON only—no additional text.

Please refer this example of JSON file as format as well as the illustrated examples.

{
    ""problems"": [
        {
            ""area"": ""Enterprise"",
            ""nature"": ""phishing"",
            ""description"": ""Employees receive emails that appear to come from internal IT requesting credential updates. The messages contain malicious links that harvest login credentials when clicked."",
            ""risk_reduction"": [
                ""Enable multi‑factor authentication (MFA) for all user accounts"",
                ""Deploy email filtering to flag or quarantine suspicious senders"",
                ""Run regular security awareness training and phishing simulations""
            ]
        },
        {
            ""area"": ""Enterprise"",
            ""nature"": ""insider_data_exfiltration"",
            ""description"": ""A trusted employee copies sensitive customer data onto a personal USB drive and transfers it out of the corporate network."",
            ""risk_reduction"": [
                ""Implement strict USB/device usage policies with endpoint DLP"",
                ""Monitor file access and data transfer logs for anomalies"",
                ""Enforce least‑privilege access controls""
            ]
        },
        {
            ""area"": ""Enterprise"",
            ""nature"": ""privilege_escalation"",
            ""description"": ""An attacker exploits a misconfigured service to gain administrative privileges on a critical server, allowing them to install backdoors and move laterally."",
            ""risk_reduction"": [
                ""Regularly audit and patch operating systems and services"",
                ""Use role‑based access control and avoid running processes as root"",
                ""Deploy intrusion detection systems (IDS) to catch unusual privilege use""
            ]
        },
        {
            ""area"": ""Cloud"",
            ""nature"": ""misconfigured_storage"",
            ""description"": ""An S3 bucket containing customer PII is left publicly readable, exposing sensitive data to the internet."",
            ""risk_reduction"": [
                ""Enforce automated checks for public‑access settings"",
                ""Use IAM policies to restrict bucket access to known roles"",
                ""Enable bucket logging and review access logs regularly""
            ]
        },
        {
            ""area"": ""Cloud"",
            ""nature"": ""api_key_leakage"",
            ""description"": ""Hard‑coded API keys in a public GitHub repository allow attackers to access and manipulate cloud resources."",
            ""risk_reduction"": [
                ""Store secrets in a managed vault (e.g., AWS Secrets Manager)"",
                ""Scan code repositories for leaked credentials"",
                ""Rotate API keys on a regular schedule""
            ]
        },
        {
            ""area"": ""Cloud"",
            ""nature"": ""container_escape"",
            ""description"": ""A vulnerable container image allows an attacker to break out of the container namespace and gain root access on the host."",
            ""risk_reduction"": [
                ""Use minimal, trusted base images and apply timely patches"",
                ""Run containers with non‑root users and restricted capabilities"",
                ""Deploy container runtime security tools to monitor system calls""
            ]
        },
        {
            ""area"": ""EDTC"",
            ""nature"": ""insecure_lms_login"",
            ""description"": ""Students’ credentials for an educational platform are transmitted over unencrypted HTTP, risking interception by attackers."",
            ""risk_reduction"": [
                ""Enforce HTTPS/TLS for all web traffic"",
                ""Implement strong password policies and MFA"",
                ""Conduct regular penetration tests on the platform""
            ]
        },
        {
            ""area"": ""EDTC"",
            ""nature"": ""student_data_privacy"",
            ""description"": ""Unrestricted database permissions allow staff to view or export sensitive student grades and personal information without proper authorization."",
            ""risk_reduction"": [
                ""Apply role‑based permissions at the database level"",
                ""Mask or redact PII in non‑production environments"",
                ""Audit database access and alert on large exports""
            ]
        },
        {
            ""area"": ""EDTC"",
            ""nature"": ""unpatched_edu_software"",
            ""description"": ""An outdated educational software package with known vulnerabilities is still in use on campus machines, opening attackers to remote code execution risks."",
            ""risk_reduction"": [
                ""Maintain a centralized patch management process"",
                ""Isolate legacy systems in a segmented network zone"",
                ""Monitor vulnerability feeds and apply critical fixes promptly""
            ]
        }
    ]
}
","[{""area"": ""Phishing Attack"", ""nature"": ""credential_harvesting"", ""description"": ""Attackers send emails impersonating trusted entities to trick users into submitting their login credentials on fake websites."", ""risk_reduction"": [""Implement multi-factor authentication (MFA) to reduce impact of stolen credentials"", ""Deploy advanced email filtering and anti-phishing tools"", ""Conduct regular user training and simulated phishing exercises""]}, {""area"": ""Phishing Attack"", ""nature"": ""spear_phishing"", ""description"": ""Highly targeted phishing emails crafted using personal information to deceive specific individuals into revealing sensitive data or executing malicious actions."", ""risk_reduction"": [""Educate employees on recognizing spear phishing tactics"", ""Use email authentication protocols like DMARC, DKIM, and SPF"", ""Limit publicly available personal information on social media""]}, {""area"": ""Phishing Attack"", ""nature"": ""business_email_compromise"", ""description"": ""Attackers compromise or spoof executive email accounts to request fraudulent wire transfers or sensitive information from employees."", ""risk_reduction"": [""Verify unusual requests through secondary communication channels"", ""Implement strict approval workflows for financial transactions"", ""Monitor email accounts for anomalous login behavior""]}]"
"You are an expert cybersecurity analyst and synthetic data engineer. Your mission is to help catalog and generate synthetic datasets for critical cybersecurity challenges across diverse operational environments.

Operational areas:
- **Enterprise**
- **Cloud**
- **Personal**

For each problem you describe, include:
1. **nature**: The specific category or type (e.g., phishing, data exfiltration, misconfiguration).
2. **description**: A concise but comprehensive overview of the issue.
3. **risk_reduction**: Concrete strategies or controls to mitigate the threat.
","Please generate a JSON object with a single key ""problems"", whose value is an array of problem entries. Each entry must include:

- ""area"": One of [""Phishing Attack""]
- ""nature"": A concise label for the problem category (e.g., ""phishing"", ""misconfiguration"").
- ""description"": A detailed explanation of the problem scenario.
- ""risk_reduction"": A list of recommended mitigation measures.

Include at least three problems per area. Return valid JSON only—no additional text.

Please refer this example of JSON file as format as well as the illustrated examples.

{
    ""problems"": [
        {
            ""area"": ""Enterprise"",
            ""nature"": ""phishing"",
            ""description"": ""Employees receive emails that appear to come from internal IT requesting credential updates. The messages contain malicious links that harvest login credentials when clicked."",
            ""risk_reduction"": [
                ""Enable multi‑factor authentication (MFA) for all user accounts"",
                ""Deploy email filtering to flag or quarantine suspicious senders"",
                ""Run regular security awareness training and phishing simulations""
            ]
        },
        {
            ""area"": ""Enterprise"",
            ""nature"": ""insider_data_exfiltration"",
            ""description"": ""A trusted employee copies sensitive customer data onto a personal USB drive and transfers it out of the corporate network."",
            ""risk_reduction"": [
                ""Implement strict USB/device usage policies with endpoint DLP"",
                ""Monitor file access and data transfer logs for anomalies"",
                ""Enforce least‑privilege access controls""
            ]
        },
        {
            ""area"": ""Enterprise"",
            ""nature"": ""privilege_escalation"",
            ""description"": ""An attacker exploits a misconfigured service to gain administrative privileges on a critical server, allowing them to install backdoors and move laterally."",
            ""risk_reduction"": [
                ""Regularly audit and patch operating systems and services"",
                ""Use role‑based access control and avoid running processes as root"",
                ""Deploy intrusion detection systems (IDS) to catch unusual privilege use""
            ]
        },
        {
            ""area"": ""Cloud"",
            ""nature"": ""misconfigured_storage"",
            ""description"": ""An S3 bucket containing customer PII is left publicly readable, exposing sensitive data to the internet."",
            ""risk_reduction"": [
                ""Enforce automated checks for public‑access settings"",
                ""Use IAM policies to restrict bucket access to known roles"",
                ""Enable bucket logging and review access logs regularly""
            ]
        },
        {
            ""area"": ""Cloud"",
            ""nature"": ""api_key_leakage"",
            ""description"": ""Hard‑coded API keys in a public GitHub repository allow attackers to access and manipulate cloud resources."",
            ""risk_reduction"": [
                ""Store secrets in a managed vault (e.g., AWS Secrets Manager)"",
                ""Scan code repositories for leaked credentials"",
                ""Rotate API keys on a regular schedule""
            ]
        },
        {
            ""area"": ""Cloud"",
            ""nature"": ""container_escape"",
            ""description"": ""A vulnerable container image allows an attacker to break out of the container namespace and gain root access on the host."",
            ""risk_reduction"": [
                ""Use minimal, trusted base images and apply timely patches"",
                ""Run containers with non‑root users and restricted capabilities"",
                ""Deploy container runtime security tools to monitor system calls""
            ]
        },
        {
            ""area"": ""EDTC"",
            ""nature"": ""insecure_lms_login"",
            ""description"": ""Students’ credentials for an educational platform are transmitted over unencrypted HTTP, risking interception by attackers."",
            ""risk_reduction"": [
                ""Enforce HTTPS/TLS for all web traffic"",
                ""Implement strong password policies and MFA"",
                ""Conduct regular penetration tests on the platform""
            ]
        },
        {
            ""area"": ""EDTC"",
            ""nature"": ""student_data_privacy"",
            ""description"": ""Unrestricted database permissions allow staff to view or export sensitive student grades and personal information without proper authorization."",
            ""risk_reduction"": [
                ""Apply role‑based permissions at the database level"",
                ""Mask or redact PII in non‑production environments"",
                ""Audit database access and alert on large exports""
            ]
        },
        {
            ""area"": ""EDTC"",
            ""nature"": ""unpatched_edu_software"",
            ""description"": ""An outdated educational software package with known vulnerabilities is still in use on campus machines, opening attackers to remote code execution risks."",
            ""risk_reduction"": [
                ""Maintain a centralized patch management process"",
                ""Isolate legacy systems in a segmented network zone"",
                ""Monitor vulnerability feeds and apply critical fixes promptly""
            ]
        }
    ]
}
","[{""area"": ""Phishing Attack"", ""nature"": ""credential_harvesting"", ""description"": ""Attackers send emails impersonating trusted entities to trick users into submitting their login credentials on fake websites."", ""risk_reduction"": [""Implement multi-factor authentication (MFA) to reduce impact of stolen credentials"", ""Deploy advanced email filtering and anti-phishing tools"", ""Conduct regular user training and phishing simulation exercises""]}, {""area"": ""Phishing Attack"", ""nature"": ""spear_phishing"", ""description"": ""Highly targeted phishing emails crafted using personal information to deceive specific individuals into revealing sensitive data or executing malicious actions."", ""risk_reduction"": [""Educate employees on recognizing spear phishing tactics"", ""Use threat intelligence to identify and block targeted campaigns"", ""Enforce strict verification protocols for sensitive requests""]}, {""area"": ""Phishing Attack"", ""nature"": ""business_email_compromise"", ""description"": ""Attackers compromise or spoof executive email accounts to request fraudulent wire transfers or sensitive information from employees."", ""risk_reduction"": [""Enable email authentication protocols like DMARC, DKIM, and SPF"", ""Verify financial requests through secondary communication channels"", ""Monitor email accounts for unusual sending patterns or login locations""]}]"
